{
  "JDBC Request" : {
    "transaction" : "JDBC Request",
    "sampleCount" : 3034880,
    "errorCount" : 136,
    "errorPct" : 0.0044812313,
    "meanResTime" : 1.0543481126106815,
    "medianResTime" : 0.0,
    "minResTime" : 0.0,
    "maxResTime" : 62862.0,
    "pct1ResTime" : 1.0,
    "pct2ResTime" : 1.0,
    "pct3ResTime" : 3.0,
    "throughput" : 12699.411661324473,
    "receivedKBytesPerSec" : 868.1238440358526,
    "sentKBytesPerSec" : 0.0
  },
  "Total" : {
    "transaction" : "Total",
    "sampleCount" : 3034880,
    "errorCount" : 136,
    "errorPct" : 0.0044812313,
    "meanResTime" : 1.0543481126106815,
    "medianResTime" : 0.0,
    "minResTime" : 0.0,
    "maxResTime" : 62862.0,
    "pct1ResTime" : 1.0,
    "pct2ResTime" : 1.0,
    "pct3ResTime" : 3.0,
    "throughput" : 12699.411661324473,
    "receivedKBytesPerSec" : 868.1238440358526,
    "sentKBytesPerSec" : 0.0
  }
}