{
  "JDBC Request" : {
    "transaction" : "JDBC Request",
    "sampleCount" : 20,
    "errorCount" : 0,
    "errorPct" : 0.0,
    "meanResTime" : 62.55,
    "medianResTime" : 31.0,
    "minResTime" : 25.0,
    "maxResTime" : 602.0,
    "pct1ResTime" : 80.40000000000008,
    "pct2ResTime" : 576.0999999999997,
    "pct3ResTime" : 602.0,
    "throughput" : 0.5262327000999842,
    "receivedKBytesPerSec" : 0.03597293848339736,
    "sentKBytesPerSec" : 0.0
  },
  "Total" : {
    "transaction" : "Total",
    "sampleCount" : 20,
    "errorCount" : 0,
    "errorPct" : 0.0,
    "meanResTime" : 62.55,
    "medianResTime" : 31.0,
    "minResTime" : 25.0,
    "maxResTime" : 602.0,
    "pct1ResTime" : 80.40000000000008,
    "pct2ResTime" : 576.0999999999997,
    "pct3ResTime" : 602.0,
    "throughput" : 0.5262327000999842,
    "receivedKBytesPerSec" : 0.03597293848339736,
    "sentKBytesPerSec" : 0.0
  }
}