{
  "JDBC Request" : {
    "transaction" : "JDBC Request",
    "sampleCount" : 10,
    "errorCount" : 0,
    "errorPct" : 0.0,
    "meanResTime" : 97.19999999999999,
    "medianResTime" : 35.5,
    "minResTime" : 31.0,
    "maxResTime" : 646.0,
    "pct1ResTime" : 585.9000000000002,
    "pct2ResTime" : 646.0,
    "pct3ResTime" : 646.0,
    "throughput" : 0.3702743733106232,
    "receivedKBytesPerSec" : 0.02531172473803088,
    "sentKBytesPerSec" : 0.0
  },
  "Total" : {
    "transaction" : "Total",
    "sampleCount" : 10,
    "errorCount" : 0,
    "errorPct" : 0.0,
    "meanResTime" : 97.19999999999999,
    "medianResTime" : 35.5,
    "minResTime" : 31.0,
    "maxResTime" : 646.0,
    "pct1ResTime" : 585.9000000000002,
    "pct2ResTime" : 646.0,
    "pct3ResTime" : 646.0,
    "throughput" : 0.3702743733106232,
    "receivedKBytesPerSec" : 0.02531172473803088,
    "sentKBytesPerSec" : 0.0
  }
}